{"accuracy": [0.593441903591156, 0.8555658459663391, 0.9120420813560486, 0.9377338290214539, 0.9547621011734009, 0.9646205306053162, 0.9709225296974182, 0.9763283133506775, 0.9790027737617493, 0.982032835483551], "loss": [1.3696966171264648, 0.46022123098373413, 0.27096420526504517, 0.19369390606880188, 0.13786767423152924, 0.10978125035762787, 0.08818069100379944, 0.07294671982526779, 0.06629955768585205, 0.05424439162015915], "val_accuracy": [0.8403141498565674, 0.9075233340263367, 0.89750736951828, 0.9520259499549866, 0.9487821459770203, 0.9602208137512207, 0.9504324793815613, 0.9665945768356323, 0.9611882567405701, 0.9572615623474121], "val_loss": [0.510849118232727, 0.2869674563407898, 0.3246273398399353, 0.15148042142391205, 0.15992914140224457, 0.12873660027980804, 0.1641528308391571, 0.11145805567502975, 0.13795794546604156, 0.14300671219825745]}